<?xml version="1.0" encoding="UTF-8"?>
<project-private xmlns="http://www.netbeans.org/ns/project-private/1">
    <editor-bookmarks xmlns="http://www.netbeans.org/ns/editor-bookmarks/2" lastBookmarkId="0"/>
    <open-files xmlns="http://www.netbeans.org/ns/projectui-open-files/2">
        <group>
            <file>file:/home/schueler/NetBeansProjects/007_Books_Servlets/src/java/Servlet/NewBook.java</file>
            <file>file:/home/schueler/NetBeansProjects/007_Books_Servlets/src/java/Servlet/ListBooks.java</file>
            <file>file:/home/schueler/NetBeansProjects/007_Books_Servlets/src/java/DataAccess/Database.java</file>
            <file>file:/home/schueler/NetBeansProjects/007_Books_Servlets/src/java/Servlet/Login.java</file>
            <file>file:/home/schueler/NetBeansProjects/007_Books_Servlets/src/java/Pojo/Order.java</file>
            <file>file:/home/schueler/NetBeansProjects/007_Books_Servlets/src/java/Servlet/Error.java</file>
        </group>
    </open-files>
</project-private>
