<?xml version="1.0" encoding="UTF-8"?>
<project-private xmlns="http://www.netbeans.org/ns/project-private/1">
    <editor-bookmarks xmlns="http://www.netbeans.org/ns/editor-bookmarks/2" lastBookmarkId="0"/>
    <open-files xmlns="http://www.netbeans.org/ns/projectui-open-files/2">
        <group>
            <file>file:/C:/Users/Julian/Documents/GitHub/Schule/2018&amp;19/POS/praxis/threads/car_worker/src/car_worker/Car_worker.java</file>
            <file>file:/C:/Users/Julian/Documents/GitHub/Schule/2018&amp;19/POS/praxis/threads/car_worker/src/car_worker/FXMLDocument.fxml</file>
            <file>file:/C:/Users/Julian/Documents/GitHub/Schule/2018&amp;19/POS/praxis/threads/car_worker/src/car_worker/pojo/Worker.java</file>
            <file>file:/C:/Users/Julian/Documents/GitHub/Schule/2018&amp;19/POS/praxis/threads/car_worker/src/car_worker/FXMLDocumentController.java</file>
        </group>
    </open-files>
</project-private>
